,id,created_at,text,fav,RT,rate
361,9.88578971393511E+017,2018-04-24 00:42:48,誰か女性用下着に味噌汁こぼして使用済み下着という扱いでメルカリで売るスタートアップ創業しませんか？利益率めっちゃくちゃいいと思います。,20,0,0
238,9.89505137352806E+017,2018-04-26 14:03:03,でもこの感覚を23で味わえたのは非常に大きな学びだと思うし、恵まれていると思う。残りの79年くらいは自分が本当に社会的に意味あると思えることと、知的に面白いことに人生ささげていきたいなぁ。,23,0,0
150,9.90429925340463E+017,2018-04-29 03:17:50,よっしゃ！500冊突破！ https://t.co/Tq1j5H2vft,24,0,0
878,9.80264989117235E+017,2018-04-01 02:06:00,朝起きたら彼女に「妊娠した」と言われて、めっちゃ覚悟決めてた。指輪買いに行こうとか。よく考えたら今日4月1日だった。,30,0,0
449,9.86943868137386E+017,2018-04-19 12:25:29,noteで2カ月間で稼げるようになった結果、新たなチャレンジする覚悟が生まれました。そのことについては来月になったら記事書こうかと思ってますが、取り急ぎフォロワーのみなさん本当にありがとうございます。 https://t.co/uE7tJp1ZM8,42,1,2.38095238095238
959,9.7924471448961E+017,2018-03-29 06:31:48,#高校生の自分に教えたいこと頑張って、英語の勉強して、「将来は英語教育を変えたい」と思って、英語の先生になりたくて国際系の大学に入ったよね。そんな君はスケベサイエンティストと名乗ってQiitaやはてブでイキって、会社の上司にネットでばれたよ。どうしようもないね。,34,1,2.94117647058823
287,9.89151298011328E+017,2018-04-25 14:37:01,遊んでたら手取り超えてしまった....,33,1,3.03030303030303
181,9.90119611327701E+017,2018-04-28 06:44:45,心に童貞が潜んでいるから、かわいいおなごにフォローされるとちょっとイキった顔になるのどうにかしたい,24,1,4.16666666666667
372,9.88076861694534E+017,2018-04-22 15:27:36,彼女に「ちんこみたいなやつ買ってきて」っていったらちゃんとチーカマだと理解してくれたので結婚したい,23,1,4.34782608695652
510,9.85852033549783E+017,2018-04-16 12:06:55,スケベ博士が人生変えてしもうた....,23,1,4.34782608695652
857,9.80608159201948E+017,2018-04-02 00:49:38,何か新しいものを作り出すとき、みんながやってるレッドオーシャンに突っ込んでいくのもダメで、でもいきなり0 → 1もダメ。先行研究いっぱい読んで巨人の肩の上に乗り、今まで誰もやらなかった領域を埋めていくのが大事なんだろうなぁ。,21,1,4.76190476190476
1100,9.76617540532167E+017,2018-03-22 00:32:20,スケベ博士の友達数が420人を超えました。ご登録ありがとうございます。ご要望等ございましたらご連絡ください。 https://t.co/ALZL26Do1C,21,1,4.76190476190476
549,9.85095735493341E+017,2018-04-14 10:01:40,こんなこと言うと、「辛いことがあってもやりつづけなさい」って言われると思うけど、プライベートの活動も十分つらい。だってどんなに頑張って最初のほうとか収益にならないから。でも、やってることの価値とか、そういうものにドライブされるから… https://t.co/zOn1BofqiX,20,1,5
676,9.83497333382963E+017,2018-04-10 00:10:11,クラウドソーシングで受けるスキルとその相場は決まっています。今回はPythonで最大単価5万円ほどになる、ツイッターの自動化プログラムの書き方の基礎について解説しました。今は1980円ですが、希少性高そうなので100部超えたら1万… https://t.co/i0vG0K0Kky,35,2,5.71428571428571
551,9.85093970450563E+017,2018-04-14 09:54:39,世の中には二通りの人がいると思う。やらなければならないことを義務感でやり続けられる人、そして僕みたいにやらなければならないことの価値に本当に共感してないとパフォーマンス出せない人。これに薄々学生のころに気づいていたけど、社会人になってもっと感じるようになった。,31,2,6.45161290322581
319,9.88806185938702E+017,2018-04-24 15:45:40,スケベAI作った時は女性から一切コメント来なかったのに、こういう文字起こしアプリはちゃんとコメント来るので、別の意味でスケベドリブン開発に火がつきそうでござる,28,2,7.14285714285714
1087,9.76809624664879E+017,2018-03-22 13:15:37,スケベ基金13700円集まりました。献金してくださった変態な皆様本当にありがとうございます。なるべく私利私欲のために使わないように頑張ります！ https://t.co/BsI5BNiff4,42,3,7.14285714285714
881,9.80261719585956E+017,2018-04-01 01:53:00,よっしゃ！Googleで「スケベサイエンティスト」って検索すると一番最初に実名で出るようになったぞ！よっしゃ！Googleで「スケベサイエンティスト」って検索すると一番最初に実名で出るようになったぞ！よっしゃ！ https://t.co/mmet26ra9h,27,2,7.40740740740741
991,9.78620593825174E+017,2018-03-27 13:11:46,Qiitaとはてぶでスケベサイエンス啓蒙しすぎて、ついに会社の上司にスケベサイエンティストなのバレてしまった！これはリストラか？次回！スケベサイエンティスト、死す！,26,2,7.69230769230769
1071,9.77164503329599E+017,2018-03-23 12:45:47,ぶっちゃけ、30万円の使い道は、Microsoft Hololensで道行く人のアイコラ作ったり、似ているAV女優算出したり、顔認識で感情分析して駆け引きしたりそういうことのためのR&amp;D投資に使いたいと思っています。 https://t.co/vl2qCQw4R1,26,2,7.69230769230769
643,9.83726529132741E+017,2018-04-10 15:20:55,今年入って学んだのは、正攻法で稼ごうとすると赤すぎてだいたい死ぬので、「楽しいこと」を一番プライオリティあげて突き詰めていくと自然と青いところが見えてくるってとこでした。誰もやらない領域、本当に美味しい。しかもみんな反対してやろうとしないからありがたい。,25,2,8
674,9.83512073865904E+017,2018-04-10 01:08:45,プログラミング初心者向けのコンテンツが多くて、やってみた系のコンテンツは多いけど、独学で案件取るまでのコンテンツやっぱり少ないな。こっちのほうが社会的に価値ありそうなので、エンタメから稼げる技術チュートリアルにピボットしよう。,25,2,8
122,9.90591961185714E+017,2018-04-29 14:01:42,IssueでTODO管理するの1週間ぐらいやってるけど結構いいな。結構おすすめ。・思いつきの企画を保存できる・思考のログを残すからどこで詰んだか記録できる・重要度とかステータスを決められる・マークダウン使ってエラーコー… https://t.co/lI8J6DXk7P,37,3,8.10810810810811
703,9.82982925254672E+017,2018-04-08 14:06:06,最近、エンジニアの教育と、キャリアという領域が自分にとって解決したい課題なんだと感じるようになった。これだけ需要があるのに、人を供給する部分のシステムに課題が大きすぎる....ここに人生かけたいなぁ。,23,2,8.69565217391304
977,9.78757377246642E+017,2018-03-27 22:15:17,よっし、文系プログラミング初心者で独学でも技術ブログでみずほの初任給くらいは稼げるようになったぞ！それとメディアの集客方法とか、マネタイズの方法とかやっとわかってきたのと、自分が解決したい課題をどう解決するか、少しめどがついてきた。この一カ月は結構わくわくすることが多かった。,34,3,8.82352941176471
229,9.89539733414932E+017,2018-04-26 16:20:31,・技術チュートリアルがない・わかりやすくかつマーケしてチュートリアル書けるエンジニアが少ないから、参入しにくい・それをやるモチベーションは技術者にはないなのでブルーオーシャンなんだろうなぁ。#10年後の仕事図鑑 https://t.co/C1jCCnyaoV,33,3,9.09090909090909
757,9.82267530600317E+017,2018-04-06 14:43:23,突然ですけどリクルートスーツって最高ですよね。僕は中学生の頃に高校生の制服に目覚め、高校生の頃からリクスーが好きでした。やっぱりフォーマルの中のエロさって本当にありがたいというか。品とスケベの共存というか。春に感謝ですね。,33,3,9.09090909090909
12,9.91503163663401E+017,2018-05-02 02:22:30,文字おこし君、このままだとユーザー数が10万を超えてしまう......LINEのインターフェイスがすごいのは、Jacob Nielsenのヒューリスティックスから見たときに、・一貫性を保ち標準に倣う・最小限で、美しいデザイ… https://t.co/0RHNsOz0VP,22,2,9.09090909090909
260,9.89277854436225E+017,2018-04-25 22:59:55,毎回説明するのが面倒なのでまとめたhttps://t.co/FZBfcnUG5I,21,2,9.52380952380952
133,9.90518389494792E+017,2018-04-29 09:09:21,noteはフォロワーが少なかったり、自分のメディアを持っていないとチュートリアルを創っても広告が難しいです。そういう場合は、プロダクトの作成結果をQiitaやはてなブックマークに載せて、プレスリリースみたいに利用するのがおすすめで… https://t.co/WkG6XcYyUz,30,3,10
1257,9.73715061012246E+017,2018-03-14 00:18:55,「本名でスケベサイエンティストやるのやめなさい」 https://t.co/XllVXCU8Fv,20,2,10
737,9.8281944672818E+017,2018-04-08 03:16:30,上級者にとってはクソの吹き溜まりみたいな記事しか書けないけど、初心者にとっては誰よりも優しいコンテンツを作っていきたい。だって営業マンがPythonで定型業務の自動化処理したいみたいなときに、めっちゃくちゃ抽象度の高い記事であふ… https://t.co/MjlksV9Ann,30,3,10
53,9.91092939731301E+017,2018-04-30 23:12:25,めちゃめちゃイケてる中学生いたので2000円寄付しました。じじいぶっ殺していこう！@takagi_1129https://t.co/dxlvDjFimT https://t.co/KZlOTS86Tf,38,4,10.5263157894737
958,9.79279292239569E+017,2018-03-29 08:49:12,めっちゃいいアイディア思いついた。ツイッターで投稿すると、Google Calenderに反映できるアプリ。こうすると、過去にどんなこと考えていたのかを、時間レベルで思い出せる。これは結構自己分析的な意味でも面白いかもしれない。,28,3,10.7142857142857
747,9.82557239411003E+017,2018-04-07 09:54:35,プログラミング勉強して、他の人が知らないことをたくさん学んだ時、そこに知識の差分ができ、そこに価値が生まれる。それを初心者の視点で解説するというアプローチでnoteを使うと、それこそ大学生でも経済学めっちゃくちゃわかりやすくまとめるのとかでもマネタイズできるんだろうなぁ。,28,3,10.7142857142857
275,9.89251956324512E+017,2018-04-25 21:17:00,僕の書くコードは独学なのでおそろしく汚いですが、初心者にはなるべくわかりやすい形になっています。プロにとって可読性の高いコードと、初心者にとって可読性の高いコードは違うと思ってるので、これだけ読んでプロのエンジニアになりたい！って… https://t.co/mkLBUstuKl,28,3,10.7142857142857
1002,9.78417572621111E+017,2018-03-26 23:45:02,僕自身が独学でプログラミングしているから、そんなに技術的に詳しくないけど、逆に初心者の目線にはめっちゃくちゃ立てると思うので、だれが見てもできて面白いチュートリアル頑張って作ろう。,27,3,11.1111111111111
136,9.90495113947136E+017,2018-04-29 07:36:52,noteで有料化コンテンツを作る上で重要なのは、誰かが無料でソースコードを置いたものに差別化できるようにすること。そしてそれを差別化するためには・ユーザーの前提知識の想定・検索に依存せずとも完了できるぐらいの網羅性を上げる… https://t.co/sGK9JJxoHY,26,3,11.5384615384615
251,9.89443202921914E+017,2018-04-26 09:56:57,むかし@ha_chu さんが読者の対象を偏差値30に合わせろとおっしゃってましたが、記事のタイトルはAIみたいな偏差値30くらいのキーワードにしないとマスにはウケないです。過去に同じコンテンツをタイトルだけ変えて拡散スピード計測したことところシェア数が8倍になったことがあります。,43,5,11.6279069767442
830,9.81098293303304E+017,2018-04-03 09:17:15,クラウドソーシングとか、アフィリエイトとか、死ぬほど競合がいるレッドオーシャンよりも、クソほどくだらないこと、誰もやらないことでマネタイズしようとする方が楽しいし青いし面白いな。,25,3,12
303,9.8894989005398E+017,2018-04-25 01:16:42,もう少しで1万ユーザー！ https://t.co/jb9AopExMu,23,3,13.0434782608696
188,9.90082543578792E+017,2018-04-28 04:17:27,学校の教師のデータ全部スクレイピングして、保護者が先生の評価できるWebサイト作ったら市場原理働いてた面白そうだな,23,3,13.0434782608696
299,9.88968301530304E+017,2018-04-25 02:29:51,基本的にバズってるアプリは全部マッシュアップアプリなので、こういうの作ってみたい人はぜひ！https://t.co/zj3i6tbAfh,90,12,13.3333333333333
257,9.89332419428762E+017,2018-04-26 02:36:44,エンジニアからみたら「え、これがAI？バロスwww」て感じだけど、利用者からみたらごりごり社内でデータ環境整えて複雑な分析してようが、機械学習API使ってようが大差ないんだよなぁ。,67,9,13.4328358208955
31,9.91251710218723E+017,2018-05-01 09:43:18,日本人のほとんどが「自分のキャリアを線形で予測できる」という前提でキャリア論を話してるけど、それよりも不確実性の中で最適化する方がよっぽど大事だと思うなぁ。人生は線形予測できるものではなく、機械学習していくものなんじゃないかと思う。,89,12,13.4831460674157
1034,9.77758875653784E+017,2018-03-25 04:07:36,スケベAIのチュートリアルは、こんな感じです～PythonでAV女優のデータをスクレイピングし、Face APIで顔認識、Line Botの作成を一つのチュートリアルでまとめて解説しています！コードの解説とかつけています。… https://t.co/ULYSW7JS8o,22,3,13.6363636363636
543,9.85127516397437E+017,2018-04-14 12:07:57,これ、半端じゃなく可能性ある。noteはクリエイターが年齢とか仲介企業とか関係なく、ファンがついてくる人に高い報酬が得られる素晴らしい仕組み。本当に応援したい。 https://t.co/2rccs0eIj8,22,3,13.6363636363636
1024,9.77832449420902E+017,2018-03-25 08:59:57,下ネタはとても強力で、簡単にバズってしまうが、それ以外のことを言えなくなるととたんに威力が落ちてしまう。そして、それを使うことで社会的評価も下がる。あれだけ子供のころロックマンでダークチップ使っちゃいけないって習ったのに、僕は社会… https://t.co/I8yypUhxgd,22,3,13.6363636363636
10,9.91505648314606E+017,2018-05-02 02:32:22,世の中にはめっちゃくちゃいいアーティストが埋もれているのに、自分自身のことをマーケできないのって本当にもったいないと思う。個人が強い時代、マーケさえしっかりしていれば、信用経済だからやっていけるはずだし、そこをなんとかしたい。。。,22,3,13.6363636363636
135,9.90507875368714E+017,2018-04-29 08:27:34,noteで記事が売れるかは、日々のツイートで検証するとよいです。ツイートした内容のいいねが多かったり、RTが多いということはそれだけ情報に価値があるということの証明ですし、逆にツイートの内容がスルーされるようだったらnoteでも売れないです。スモールスタートで仮説検証しましょう。,58,8,13.7931034482759
327,9.88790562009436E+017,2018-04-24 14:43:35,技術は、難しいことを民主化するだけでだいぶ需要があるのに、なぜほとんどの人は難しいものを難しいままイキろうとするのかわけわからない。厳密性を求めている場合だったらしょうがないけど、読者の想定一切してない気がする。,35,5,14.2857142857143
626,9.8419400481946E+017,2018-04-11 22:18:30,自分でコンテンツ持つと、時給という概念がなくなる。確かに最初はまったくお金入らないけど、アウトプットし続けると信頼とコンテンツがストックして減らない資産になって回収できる。note売っててめっちゃ感じた。 https://t.co/SuF8nbsEen,20,3,15
802,9.81541693911581E+017,2018-04-04 14:39:10,いま作っている自動いいねツールでフォロワー数が一日で15人くらい増えた。統計情報まで取れるようにして、これをチュートリアルにしよう。たぶんアプリケーションにして販売してもいいんだけど、これくらいならさくっとFlaskで創れるのでチ… https://t.co/qLWvTLRt7q,26,4,15.3846153846154
278,9.89163379418808E+017,2018-04-25 15:25:02,1万リツイート超えると必ず1/10000くらいの確率で意味不明なリプライ飛ばしてくる方がいらっしゃる。この1/10000の法則、フォロワー多い人たぶん納得してくださる方多いと思う.... 1%の確率で性器出すドラえもんみたいな感覚。,32,5,15.625
153,9.90409271740318E+017,2018-04-29 01:55:45,世の中には創れる人がめっちゃくちゃいるのに、マージン取られすぎてて消耗しているのマジで社会構造歪んでる気がするんだよな。創れる人が売れるようになれば、その構造がぶっ壊れるので、クリエイターが個人で創って売れる世界を創れれば、本当に個人の世界にできそうなんだよなぁ,57,9,15.7894736842105
74,9.91055696698294E+017,2018-04-30 20:44:25,自分が何も実績出してない時から会ってくれている人、みなアウトプットしてたから会ってくれた。それが荒削りでお金にならないようなものでも、そのアウトプットに興味を持ってくれた。何も持ってない時はスキルの交換しようとせず、目の前のファンを喜ばすことが大事。,44,7,15.9090909090909
300,9.88968140921958E+017,2018-04-25 02:29:13,もう機械学習はWeb API使えば中身ブラックボックスでも十分使えます。Googleなどの膨大なデータをもとにかなり精度の良いもの提供してくれるので。意思決定のための分析レベルではまだ無理ですが、実装レベルではもう民主化されてますhttps://t.co/zj3i6tbAfh,69,11,15.9420289855072
247,9.89445953064063E+017,2018-04-26 10:07:52,で、これはエンジニアの技術記事特有なのですが、厳密なことの重要度が高いことが多く、そうすると狭いパイしか狙えないわけです。そうすると技術の民主化スピードはめっちゃくちゃ遅くなるので、カジュアルにコード書いてとりあえず動くってチュートリアルがあった方がいいと思うんです,31,5,16.1290322580645
256,9.89336040409219E+017,2018-04-26 02:51:07,「文系だからできない」なんてことはないですよ！よっぽど大規模な開発でなければ、プログラミングで数学関わるところはほとんどないので。適切な手順で、適切な学習で学べば、独学でも2年あれば文字起こし君くらいは簡単に作れます(ソースは僕)https://t.co/NyFC0h5JdK,68,11,16.1764705882353
454,9.86790612111311E+017,2018-04-19 02:16:30,ちょっとできる人がイキるのって実は大事なのかと思った。じゃないと中間層の知識が下に降りてこないから。そして少し先の世界を見てきた人が発信するコンテンツは実は価値があるものだということも気付いた。(Qiitaのトレンドとかだいたいそうな気がする),30,5,16.6666666666667
322,9.88798391801921E+017,2018-04-24 15:14:42,ちなみに今回実装したのは、Google Apps Scriptだけです。サーバレスの環境で作ってます。こんな簡単に作れるのに何でみんな作らないんだろうか不思議でたまらない。Web APIのマッシュアップアプリなんてHTTPの通信さ… https://t.co/WtUB3KBX9v,90,15,16.6666666666667
259,9.89281026055656E+017,2018-04-25 23:12:31,Google Apps Scriptでアプリ公開すると、リリース初日でアプリがパンクする芸だけど有料化すると採算が合わないので結局チュートリアルつくって使いたい人は自分で作ってくださいという形にしています。,24,4,16.6666666666667
448,9.8694463992288E+017,2018-04-19 12:28:33,noteで技術チュートリアルを作っている人をまとめてみました！ブロックチェーンから機械学習まで、なかなか情報としてないチュートリアルをまとめてくださっています～！おすすめです～！@karaage0703  @cohki0305 https://t.co/24ylwd7Ruw,47,8,17.0212765957447
49,9.91100754122293E+017,2018-04-30 23:43:28,ここ最近間違いなくきそうな流れとして、社会の評価指標が肩書　⇒　ソーシャル信頼度（収益/フォロワー数/PV数）に移っていくと思う。他人への価値提供という尺度がそっちのほうが透明性が高く、かつ証明しやすい。経験年数が価値を持たない社会はすぐ来るはず。,35,6,17.1428571428571
328,9.88789118598435E+017,2018-04-24 14:37:51,技術界隈で役に立つのって基礎研究やってる人と、その研究をもとにユーザーが使ってメリットが出るレベルに落とし込んで実装する人で、中途半端にロジック勉強して何も実装できないでイキッてるのは僕は嫌いです。僕は誰がなんと言おうがブラックボックスでもとりあえずいいから便利なものを作る派です,29,5,17.2413793103448
244,9.89451475972645E+017,2018-04-26 10:29:49,ちょっとしたアイディアも、作って(プログラミング)売れる(マーケティング)時代、さくっとプロトタイプ作れるのってめっちゃくちゃ大事なんですよね。例えば文字おこし君なんてものも、２日で30万円の売り上げがあるわけで。プログラミングはエンジニアだけのためにあるわけではないってことです,69,12,17.3913043478261
195,9.90054252977406E+017,2018-04-28 02:25:02,GWにやることがない人は、文字起こし君かスケベAIを作りましょう！！https://t.co/6OOmYh4hNG,23,4,17.3913043478261
985,9.78627660048777E+017,2018-03-27 13:39:50,Progateやドットインストールは、何か作りたい！と思った時に必要な基礎文法を学ぶサイトとして超いい。それにプラス、プロダクトを作れるようになるための何かが足りてない。リファレンスやらが使えるのは、それのちょっと先に行った人たちだから。,23,4,17.3913043478261
279,9.89161161634402E+017,2018-04-25 15:16:13,LINEで登録者が増えるのは・登録が一瞬で簡単・ユーザーの母数が大きい（世代を超える）・グループラインにシェア可能・UIが慣れていてかつ洗練されているってとこだと思います。LINE@でスケールしてからWebとかファンサ… https://t.co/ODR8LXm9O7,34,6,17.6470588235294
411,9.8767945169671E+017,2018-04-21 13:08:26,大企業やらベンチャーやらフリーランスやらの手段の問題はどうでもいいけど、今自分が持っている24時間を・人的資本・社会関係資本・コンテンツ資本・時間資本にどこに投資するかってことが重要。一番だめなのは時間資本をそのまま経済… https://t.co/8THPGTURLa,28,5,17.8571428571429
356,9.88595010428793E+017,2018-04-24 01:46:32,プログラミング教育アプリを使っててイラつくポイント・作ろうとしているものでテンションが上がらない(電卓システムとか)・学んでいる断片が全体の中で位置付けられない・新しいことを学ぶときの前提知識が考慮されていない・購入する前にどこまでできるようになるのか分からない,39,7,17.948717948718
253,9.89391250901029E+017,2018-04-26 06:30:30,【定期】PythonとJavaScriptで、似ているAV女優を教えてくれる人工知能アプリケーションが創れる、「変態博士チュートリアル」で、顔認識アプリを作りませんか？https://t.co/rl1LQkqzJx,22,4,18.1818181818182
1265,9.7350292001554E+017,2018-03-13 10:15:57,アダルトスケベLine BotをQiitaで公開したら、Line BotやってるCRM系の会社から会食のお誘い来て草性欲に素直でよかった,38,7,18.4210526315789
1052,9.77343174300418E+017,2018-03-24 00:35:45,noteでスケベAIの作り方まとめたら読みたい人いますか。電子書籍化して出そうかと考えています。 https://t.co/ZJ2zF8htzf,81,15,18.5185185185185
442,9.87089545719001E+017,2018-04-19 22:04:21,英語を学ぶときに一番効率的だったのは、・好きな洋楽のバンドの歌詞をすべて覚える・細かい文法を調べていく・自分で歌詞を書くって方法で、これをプログラミングにすると・チュートリアルを通す・細かいところググる・自分でプロダクト作るって感じになる。,54,10,18.5185185185185
288,9.89144594758566E+017,2018-04-25 14:10:23,文字起こし君が起動しないときにどうすればいいか誰か対処法書いてくれてて草　ありがたや。https://t.co/wwHs2NSJ8y,32,6,18.75
1004,9.78246147465666E+017,2018-03-26 12:23:51,スケベ基金にご協力いただいた方、ありがとうございました。総勢103件のご支援と、74200円集まっております。スケベチュートリアルは、現在74冊ご購入いただきました～！初心者でもPythonとAIを使ってスケベなプロダクトを作… https://t.co/yioHu2e2DE,32,6,18.75
396,9.87732332093129E+017,2018-04-21 16:38:33,noteはフリーミアムだと思って書いてる。無料コンテンツだけで十分価値があると判断してもらえたら初めて有料コンテンツにまで手を出してもらえる。全部有料コンテンツにすると相当他の要素で期待値高くないと売れない気がする。,32,6,18.75
171,9.90246505154986E+017,2018-04-28 15:08:59,ベンチャーか大企業か、どっちがいいかなんて適性次第だと思うけど、ぶっちゃけ違うなって直観で思ってるならさっさと変えた方がいいと思う。責任を取れるのは自分だけだから。自分がパフォーマンス出せそうなところに100%リソース投下した方が幸せだぞ！,21,4,19.047619047619
307,9.88937659878854E+017,2018-04-25 00:28:06,朝起きたら7000ユーザー超えてた...また当分サーバー落ちて使えなくなりそうだ https://t.co/QTF21ZYFTE,21,4,19.047619047619
654,9.83654382590821E+017,2018-04-10 10:34:14,プログラミング最初本当に訳わからなかったけど、やっとわかるようになった時の学習方法は・何を作りたいのか決める・何を学べばできるのかメンターに聞く・そこから学習ルート決めてもらって、ひたすらコード書く・つまづいたらメンターに聞くでした。これでだいぶ変わります。,52,10,19.2307692307692
169,9.90247644793471E+017,2018-04-28 15:13:31,3年間働き続けたら認められるという意見もあれば、3年間働けば茹でガエルって意見もある。結局今ある選択肢を正解にできるのは自分の精一杯の頭使って、他者貢献するしかないんでねぇかと思う,31,6,19.3548387096774
952,9.79338685823898E+017,2018-03-29 12:45:12,スケベDMM Bot「変態コンシェルジュ」を作れた人にも、スケベサイエンティスト認定しますので、できたらスクショ送ってリプライください！あとnoteでサポート金5000円賄賂としてお支払いいただいたとしてもスケベサイエンティストと… https://t.co/1HyjaAwl6K,31,6,19.3548387096774
967,9.78808794560872E+017,2018-03-28 01:39:36,#やりたいこと優秀なエンジニアの人が個人でチュートリアルをnoteに作る文化を作る。,25,5,20
215,9.89675801854394E+017,2018-04-27 01:21:13,チュートリアルを作っている理由です。「よくプログラマーになりたいという人で、プログラムの本を買ってきて、最初から最後まで読む人がいます。それも効率が悪いと僕は思っていて、プログラムを書くことは手段より目的を決めたほうがいいに決… https://t.co/CYQE7WnsLA,20,4,20
248,9.89445270994735E+017,2018-04-26 10:05:10,ちなみに、拡散させたかったらポジティブかネガティブな方向で振ることが大事で、記事の中身よりタイトルの方が重要度は高いです。一番良くないのは、厳密な情報を書くことです。もし厳密な情報が拡散されているなら、今頃みんなツイッターから論文読んでますからね,34,7,20.5882352941176
274,9.89255799036768E+017,2018-04-25 21:32:16,プログラミングがエンジニアだけのものだと思っている人が多いし、そういう人は拡張性やらなんやら気にするけど、リサーチャーだって使うし、なんなら事務の人でも使うわけ。綺麗なコードでチュートリアル書いたとして、そういう人たちが理解できるかというと怪しいと思うんだよな。,34,7,20.5882352941176
245,9.89447751430648E+017,2018-04-26 10:15:01,今の時代、手品師になるよりも、手品師になりたい人に手品を教える人の方がもしかして重要なんでないかと。応用レベルに落とし込むスピードって社会のためにかなり大事で、その人材が足りてない。,29,6,20.6896551724138
220,9.89649777691312E+017,2018-04-26 23:37:48,『新卒で市場価値の高いプログラマーになるための最短ルートを考えてみた』https://t.co/k2UXt0ATun https://t.co/X0vie0cVyM,42,9,21.4285714285714
132,9.90520082764743E+017,2018-04-29 09:16:05,会社などのリソースがなくても、時間さえあればひたすら施策打って失敗したり成功したりしていると、強化学習されていくので、PDCAとか言ってないでDCDCDDDDCぐらいの流れでやっていくと感覚的にこれがいける！これはいけない！みたい… https://t.co/fL9zSq1dPa,42,9,21.4285714285714
52,9.91095193788072E+017,2018-04-30 23:21:22,今日一で一番刺激受けた。この世代はすごい。学校の先生が何を言おうが、フォロワーを集めて人気を取れば経済的に正しさを証明できる。友達でインフルエンサーとか普通にいる世代だろうし、はるかに僕らの世代よりも、信用経済を身近に感じる人がい… https://t.co/jQoXXW4ZH1,51,11,21.5686274509804
1028,9.77807785386652E+017,2018-03-25 07:21:57,朝7時に本の着想考えて、朝9時から12時まで執筆して、12時30分にリリースして、16時30分現在で5冊売れるってnoteすごいなぁ。これ普通に電子書籍出版とかやってたらもっと時間がかかってるし。出版ってどんどん途中の仲介通さなくなってくるんじゃないかな。,23,5,21.7391304347826
252,9.89442240270352E+017,2018-04-26 09:53:07,「文字おこし君、AIじゃなくない？」ってツイートくるんですけど、それを狙ってます。同じコンテンツでも、「Line Messaging APIを利用した、OCRアプリを作ってみたよー」じゃ多分バズらないです。プラスにもマイナスにも感情を動かして拡散させないと書いた意味がない。,64,14,21.875
1088,9.76783157650326E+017,2018-03-22 11:30:27,全裸待機して変態博士の復旧を待っている変態紳士がいると考えると、一刻も早く家に帰って直さなければ。,41,9,21.9512195121951
296,9.89103387428848E+017,2018-04-25 11:26:38,47000人がたった1人のおじさんに仕事を押し付けたせいでニートになってしまったみたいなので、是非みみなさまがオリジナルの文字おこしくん作ってください https://t.co/dv3XBHlYK5,93,21,22.5806451612903
981,9.78630858746741E+017,2018-03-27 13:52:33,プログラミングができる段階って①プログラミングの基礎文法が分かる②既存のチュートリアルをググりながら解決できる③新しいプロダクトを仮説検証しながら作れる④嫌いなコードで大規模開発までできるだと思うんだけど、②から③に行く時って大量にプロダクト作る経験積むしかないと思う,30,7,23.3333333333333
141,9.90468066742973E+017,2018-04-29 05:49:23,プログラミングを知らないは何ができるか分からない。そんな中この時代にAIという言葉が出てきて、プログラミングで「いい感じのことができる」ということを理解した結果、大量に「AIで何かしたい」という要望が増えてて、プログラミングで置き換えてもほとんどの人は困らないのかもしれない。,21,5,23.8095238095238
250,9.89443987567071E+017,2018-04-26 10:00:04,記事のタイトルをAIにするメリットは・偏差値70の人が「これAIじゃないでしょ」と拡散する・偏差値30の人が「わーAIすごぃー」と拡散するつまりどっちのパイも取れるわけです。これをコテコテの技術用語にすると偏差値80くらいの狭い集団にしか届きません。,150,36,24
987,9.78626650647622E+017,2018-03-27 13:35:50,みんな初心者でも、何かしら自分でプロダクトを作りたいと思っている。そして、その「作りたい」ものを作る教材が圧倒的に足りてない。タイマーとか、電卓プログラム作りたくてプログラミングはじめたわけじゃないはず。だからなるべく共通してみんながよいと思うもの、それはエロだったんだと思う。,29,7,24.1379310344828
792,9.81714541674246E+017,2018-04-05 02:06:00,本当にこれ。スクールバカ高いけど、コンテンツはネットにたくさんあるから、もっとサクッとプログラマーをメンターとしてマッチングしてプログラマーにお金を還元できるような仕組みできたらもっとIT人材増えそうなんだよなぁ。 https://t.co/3bHXgs4fw4,29,7,24.1379310344828
212,9.89684367940207E+017,2018-04-27 01:55:15,営業やってると価値観の相対化ができるようになる。自分が売れると思ったものと顧客が欲しいものが乖離してることに気づかされる。これが重要で、エンジニアがもの作ろうとすると技術に興味がいってユーザー体験を忘れがちなのよねぇ。この感覚をクリエーターが持ってるとめっちゃ強い気がするん。,29,7,24.1379310344828
665,9.83520988833829E+017,2018-04-10 01:44:11,そういえば、学生時代何もプロダクトを作らずにエンジニア採用受けてた時のこと採用官「君、何か作れるの？」僕「For文とか関数はわかりますけど、プロダクトはないです」って言った瞬間に面接終わったので、今すぐプロダクト作った方がいいです(この事実に4年に気づいた情弱でした),36,9,25
297,9.89028874771198E+017,2018-04-25 06:30:33,【定期】PythonとJavaScriptで、似ているAV女優を教えてくれる人工知能アプリケーションが創れる、「変態博士チュートリアル」で、顔認識アプリを作りませんか？https://t.co/rl1LQk8YRZ,31,8,25.8064516129032
853,9.8062954077814E+017,2018-04-02 02:14:36,あとでじっくり読もう。面白い。 https://t.co/87WozSQ9Z9,54,14,25.9259259259259
913,9.79915263687602E+017,2018-03-31 02:56:19,僕は今こういう病気にかかっています。助けてください。 https://t.co/JlP1ryuVf7,69,18,26.0869565217391
417,9.87669943729644E+017,2018-04-21 12:30:39,サラリーマンやりながら技術チュートリアルシコシコ書いて、2カ月でnoteの売り上げ50万円超えて学んだことは・サラリーマンで評価上げて年収上げるよりも、自分でコンテンツ作って売ったほうが確実に簡単・寝ててもお金入るので労働と… https://t.co/z0p93y3xSO,57,15,26.3157894736842
567,9.85001539277177E+017,2018-04-14 03:47:22,初心者こそ、おそれずにツイッターでアウトプットすべきだと思います。・情報を発信していると、フォロワーが増える・フォロワーが増えると親切な人が助けてくれる・親切な人とのリアルな出会いが、仕事につながる（案件をもらったり）・詳しい人から情報が集まる,57,15,26.3157894736842
262,9.89276956851032E+017,2018-04-25 22:56:21,プログラミングって寿命を延ばす薬だと思うんだよなぁ。今までルーティンで死んでいた時間を排除して、生きている感覚を得られるような時間をプログラミングで得られるなら。そしてその寿命を延ばせる領域は、エンジニアリング意外の仕事が大きそう。例えば保育とか。,99,27,27.2727272727273
313,9.88815476229751E+017,2018-04-24 16:22:35,まだ全然できていませんが、めっちゃくちゃ需要がありそうなので、文字起こし君のチュートリアル作ることにしました。まだ完成したソースコードのっけただけですが、これからどんどん書き足していきます。最初は1980円で販売しますが、購入者が… https://t.co/Ot0sPUSKUV,886,243,27.4266365688488
194,9.90057384549601E+017,2018-04-28 02:37:29,Progateが環境構築チュートリアルをリリース。これは創れる人を創り出すうえで本当に大事だなぁ。積極的に自分のチュートリアルにも載せていこう。https://t.co/tTa6R4ZCOV,47,13,27.6595744680851
971,9.78775194104819E+017,2018-03-27 23:26:05,"おかげさまでスケベチュートリアル、4日で100冊超えました！(¥103,880 / ¥980 = 106冊) ありがとうございました！修正必要そうなところとか、フィードバックあったらぜひご連絡ください！（実際に作れたか気になるとこ… https://t.co/0sh8txbNC8",21,6,28.5714285714286
938,9.79657871418782E+017,2018-03-30 09:53:32,すっごい当たり前の話なんですけど、人間って抽象的なものを理解するためには、たくさんの具体が必要なんです。なのに理系の人って、基本的に抽象論で話しやすいんですよ。だってそっちの方が例外がなく安全だし、美しいから。でもそれは学ぶ側にとっては困ると思うんですよね。,27,8,29.6296296296296
1082,9.76979843530113E+017,2018-03-23 00:32:00,さすがにリリース一日で1万ユーザーは想定していなかった https://t.co/aKTJVub4r7,57,17,29.8245614035088
235,9.89508438605484E+017,2018-04-26 14:16:10,消費する趣味を覚えてしまったら、永遠にお金は必要になるんだろうけど、趣味が音楽とプログラミングしかないからひたすら生産する趣味しかないので勝手に貯まる。お金が欲しい人は生産する趣味を覚えて消費を減らし、遊んだ結果お金を稼げるように… https://t.co/OZl2qhErzx,59,18,30.5084745762712
394,9.8781522916044E+017,2018-04-21 22:07:58,【ブログ更新】もし自分が大学生だったら、こういう風にプログラミングを学んでいくだろうな～という記事です。・大学生のころこそ、エンジニア力を付けておくべき理由・どうやったら新卒で市場価値の高いエンジニアになれるのかhttps://t.co/Nzj3PH8jO8,36,11,30.5555555555556
1030,9.77788745167421E+017,2018-03-25 06:06:17,技術的な情報はオープンにすべきだと思うけど、ちゃんとしたチュートリアル書くのって相当モチベーションないとできないのよね。大変だから。だからnoteでチュートリアルをマネタイズできる仕組み作ってくれたの、めっちゃくちゃありがたい。日… https://t.co/J94qIezBC9,152,47,30.9210526315789
956,9.79324367657059E+017,2018-03-29 11:48:18,労働ってなんだ。仕事終わった後にシコシコとスケベなネタ書いているだけで20万円入るのに、それの3倍以上の時間かけて正社員で働く意義ってなんだ。なんかわからなくなってきてしまった。働くってなんだ。 https://t.co/5jd1d5cHji,94,30,31.9148936170213
784,9.81895016690868E+017,2018-04-05 14:03:09,つまり、初心者だけどプロダクト作りたい人と、プロダクト作れて保守性の高いコード書きたい人の中間に、「アホみたいなコードでプロダクトつくれる人のコード」という、初心者にとっての理解できるレベルのチュートリアルが足りてない。,25,8,32
318,9.88808896436257E+017,2018-04-24 15:56:26,さっそく落ちたｗｗｗ画像アップロードの限界がきたっぽいｗｗｗいつもだｗｗｗｗ無料プランでリリースすると、容量限界きて「バグ」だのなんだの言われるのつらい.... https://t.co/eN1dwQtOT4,28,9,32.1428571428571
196,9.90024581543948E+017,2018-04-28 00:27:08,"現在の文字起こし君の状況・登録ユーザー数86122名・一日数千ユーザーが増加・リプライ成功数は1日600前後・1日のアップロード制限が1,250 MBなので、それ以上いくと動かなくなるという状況です。 https://t.co/oA383sKUWi",31,10,32.258064516129
1003,9.78275609779388E+017,2018-03-26 14:20:55,さっそくまた新しいチュートリアルを作っています。より社会にスケベサイエンティストが増えて、子どもがなりたい社会人像を増やしていきたいと思っています。絶対なりたい職業ランキング一位をYoutuberから塗り替えてやる！ https://t.co/cmzZkUWYMk,27,9,33.3333333333333
118,9.90606239284453E+017,2018-04-29 14:58:26,先端技術がかなり早いペースでジェネリック化する時代。ジェネリック化の比喩はとても分かりやすい。面白い。薬の開発そのものの価値はジェネリック化によってどんどん薄れてきてしまうからな。 https://t.co/Sm9Qm7o04l,20,7,35
414,9.87675041729933E+017,2018-04-21 12:50:54,お金に縛られない環境を作る努力をすると、結果として逆にお金が増えてきやすい環境になる。お金に縛られると、時間投資でその場しのぎし、人間はクリエイティブに時間を使えなる。時間で解決しようとすると絶対に赤くなる。若いうちで余裕があるときこそ二毛作でクリエイティブに時間を投資すべき。,110,40,36.3636363636364
1078,9.76989234778096E+017,2018-03-23 01:09:19,スケベ博士は復旧中なので、代わりに変態コンシェルジュをご利用ください。LineからDMMのサンプル動画が見れるセキュリティが強固なサービスとなっています。https://t.co/FK1DsxW78L https://t.co/40yra8vrGl,22,8,36.3636363636364
423,9.87596734716002E+017,2018-04-21 07:39:44,Aidemyめっちゃわかりやすい！ / 全ての社会人が「今すぐAIプログラミングを学ぶべき」と言える深い理由 (Business Insider Japan) #NewsPicks https://t.co/h91AmpA3OU,32,12,37.5
1010,9.78216195953386E+017,2018-03-26 10:24:50,5日間のスケベ基金と、2日間のスケベチュートリアルのおかげで、この勢いだと一般的な新卒の月収を超えてしまう。「スケベなことで生きていく」スケベサイエンティストが、子供のなりたい職業ランキング1位になるのもそう遠くない将来なのか… https://t.co/3wDt9kMn5k,50,19,38
670,9.83515324824699E+017,2018-04-10 01:21:40,僕がクラウドソーシングで受注するときに技術を学ぶ場合、まずクラウドソーシングで受注できそうなアプリの内容を調べて、それを実装するために必要そうな技術を調べ、実装してブログにアウトプットしてました。それをもとにお客さんに「これできますー」とURL共有すれば受注はできますね。,21,8,38.0952380952381
301,9.88961838145593E+017,2018-04-25 02:04:10,リリース初日で1万ユーザー突破。どこまで伸びるか！10万くらいいかないかなー。チュートリアル書いたら誰か有料化して、安定したサーバーでやってくれたら嬉しいなー。 https://t.co/ST8QnsEHlV,28,11,39.2857142857143
90,9.90801116483928E+017,2018-04-30 03:52:49,過去にQiitaでAV女優の身長・カップ数・3サイズデータを公開してたらスケベKaggleはじまっててワロタｗｗｗhttps://t.co/nEnGx3QVUP,20,8,40
978,9.78637474699227E+017,2018-03-27 14:18:50,これめっちゃいい。すっげぇ興奮する。中学生、高校生のころのこのころのエネルギーってマジでわくわくするよなぁ。https://t.co/3bgZikNNqz,70,29,41.4285714285714
635,9.83893001565962E+017,2018-04-11 02:22:26,「会社のことは好きだけど辞めます」という偽善感たっぷりの退職エントリが多い中、それをnoteで有料化して「すっごいざっくりいうと音楽性の違い。続きは本当に見たい人だけどうぞ」って形にしてて、課金の仕組みで「見るべき人を絞る」って使い方してる人いて、面白い。,38,16,42.1052631578947
311,9.88817212982022E+017,2018-04-24 16:29:29,「LINEじゃなくてもできる」っていう意見が多いのですが、最先端の技術は民主化されなければ利用されません。そこらへんのおじいちゃんや中学生連れてきてできるかって考えると、まだGoogle DocumentもOffice Lensで… https://t.co/Ke3wczWBEz,71,31,43.6619718309859
1062,9.77322699004391E+017,2018-03-23 23:14:23,前に落合陽一さんの本で、「魔術を一つも知らない(ブラックボックスの中身がわからない)人は、コンピューターの下請け、もしくはインターフェイスになる」とおっしゃっていたんだけど、今回インターフェイスのデザインって結構キモなんだと思った… https://t.co/Kp1wOvC4l6,73,34,46.5753424657534
475,9.86426391439618E+017,2018-04-18 02:09:13,科学も１つの信仰で、使ってる側はブラックボックスのまま利用している。これは落合さんが言ってた「魔術」と凄い似ている。AI論調も実はテクノロジーではなく魔術化なのかもしれない。 #完全教祖マニュアル https://t.co/WVUGtMgPk9,29,14,48.2758620689655
1079,9.76987772698247E+017,2018-03-23 01:03:31,スケベ博士が「金払わないともう仕事しない」とグレてしまったので、更生させるためにスケベ基金を始めました。本当にスケベでどうしようもない方、スケベ基金にご協力よろしくお願いします。https://t.co/UfZPRb8kf4,34,17,50
451,9.86926786159104E+017,2018-04-19 11:17:36,【100RTいったら作ります】PythonのWebフレームワークFlaskを利用した、ローカルで動くツイッター自動いいね+フォロワー分析アプリの作り方を、0から解説したいと思います。かなりの文量になりそうなので、需要があればや… https://t.co/HAifyky8AV,223,119,53.3632286995516
1212,9.74851099533324E+017,2018-03-17 03:33:08,人間は情報がリッチになるほど、情報に対する想像力がなくなるから刺激が少なくなる。最高の拡張現実は振動通知って話とても面白かった。AVより官能小説の方がエロいのとも似てる気がする。ドラクエのドット絵好きもそうだなぁ。,75,41,54.6666666666667
1106,9.76360062758175E+017,2018-03-21 07:29:13,画像のURLを入れると、それに似たAV女優の名前、合致度と、DMMの出演している動画リストが見れるページのリンクを返す、変態博士が完成したぞ。 https://t.co/gHUj6qH24P,29722,18311,61.6075634210349
1085,9.76827566001611E+017,2018-03-22 14:26:54,Qiitaに投稿しました。よければシェアしてくれると嬉しいです！AIで似ているAV女優を紹介しているスケベAI「スケベ博士」を作りました。https://t.co/LrJbN2c2x1,49,34,69.3877551020408
157,9.90406857989632E+017,2018-04-29 01:46:10,【100RTいったらやります】『技術チュートリアルのマーケティング論』書こうと思うのですが、需要ありますかね。先月26万、今月76万稼いでいるので再現性はあるかとは思います。エンジニアリング X マーケティングができると作って… https://t.co/zF72Ta9Tyo,137,110,80.2919708029197
1080,9.76983550745502E+017,2018-03-23 00:46:44,スケベ博士が既読無視してくるというご報告を各所からいただいたので、ログ解析したところ、結論としてスケベ博士がせこいことがわかったのでご共有いたします。【速報】スケベ博士が「金払わなきゃ動かないのじゃ」とグレました！https://t.co/8BHb2m5PKX,20,18,90
1086,9.76820622616494E+017,2018-03-22 13:59:19,AIで似ているAV女優を紹介しているスケベAI「スケベ博士」を作りました。 [Python] on @Qiita https://t.co/LrJbN2c2x1,20,18,90
